From,To
START,Limpeza
Limpeza,Mercearia
Mercearia,Tecnologia
Tecnologia,Mercearia
Mercearia,Tecnologia
Tecnologia,Mercearia
Mercearia,Limpeza
Limpeza,Mercearia
Mercearia,Limpeza
Limpeza,Mercearia
Mercearia,END
START,Mercearia
Mercearia,Tecnologia
Tecnologia,Higiene
Higiene,Limpeza
Limpeza,Mercearia
Mercearia,Tecnologia
Tecnologia,END
START,Higiene
Higiene,Limpeza
Limpeza,Tecnologia
Tecnologia,Mercearia
Mercearia,Tecnologia
Tecnologia,Limpeza
Limpeza,Tecnologia
Tecnologia,END
START,Mercearia
Mercearia,Tecnologia
Tecnologia,Higiene
Higiene,Limpeza
Limpeza,Tecnologia
Tecnologia,Mercearia
Mercearia,Limpeza
Limpeza,Mercearia
Mercearia,END
START,Higiene
Higiene,Tecnologia
Tecnologia,Higiene
Higiene,Tecnologia
Tecnologia,Mercearia
Mercearia,END
START,Higiene
Higiene,Tecnologia
Tecnologia,Higiene
Higiene,Tecnologia
Tecnologia,Mercearia
Mercearia,Tecnologia
Tecnologia,Higiene
Higiene,Tecnologia
Tecnologia,END
START,Tecnologia
Tecnologia,Mercearia
Mercearia,Tecnologia
Tecnologia,Higiene
Higiene,Mercearia
Mercearia,Tecnologia
Tecnologia,Mercearia
Mercearia,END
START,Tecnologia
Tecnologia,Mercearia
Mercearia,Higiene
Higiene,Limpeza
Limpeza,Tecnologia
Tecnologia,Mercearia
Mercearia,Tecnologia
Tecnologia,Mercearia
Mercearia,END
START,Limpeza
Limpeza,Mercearia
Mercearia,Tecnologia
Tecnologia,Higiene
Higiene,Tecnologia
Tecnologia,Mercearia
Mercearia,Tecnologia
Tecnologia,END
START,Mercearia
Mercearia,Tecnologia
Tecnologia,Mercearia
Mercearia,Tecnologia
Tecnologia,Mercearia
Mercearia,Limpeza
Limpeza,Mercearia
Mercearia,Higiene
Higiene,Tecnologia
Tecnologia,Limpeza
Limpeza,Mercearia
Mercearia,Tecnologia
Tecnologia,Higiene
Higiene,Tecnologia
Tecnologia,Mercearia
Mercearia,Tecnologia
Tecnologia,Mercearia
Mercearia,END
START,Mercearia
Mercearia,Tecnologia
Tecnologia,Mercearia
Mercearia,Tecnologia
Tecnologia,Mercearia
Mercearia,Limpeza
Limpeza,END
START,Tecnologia
Tecnologia,Mercearia
Mercearia,Tecnologia
Tecnologia,Mercearia
Mercearia,Higiene
Higiene,Mercearia
Mercearia,Tecnologia
Tecnologia,Higiene
Higiene,Tecnologia
Tecnologia,Higiene
Higiene,Limpeza
Limpeza,END
START,Mercearia
Mercearia,Tecnologia
Tecnologia,Mercearia
Mercearia,Tecnologia
Tecnologia,Higiene
Higiene,Tecnologia
Tecnologia,Mercearia
Mercearia,Tecnologia
Tecnologia,END
START,Tecnologia
Tecnologia,Higiene
Higiene,Tecnologia
Tecnologia,Mercearia
Mercearia,Tecnologia
Tecnologia,Mercearia
Mercearia,Higiene
Higiene,Limpeza
Limpeza,Mercearia
Mercearia,Higiene
Higiene,END
START,Limpeza
Limpeza,Tecnologia
Tecnologia,Mercearia
Mercearia,Higiene
Higiene,Mercearia
Mercearia,Higiene
Higiene,Mercearia
Mercearia,END
START,Tecnologia
Tecnologia,Mercearia
Mercearia,Tecnologia
Tecnologia,Mercearia
Mercearia,Higiene
Higiene,Mercearia
Mercearia,Tecnologia
Tecnologia,Mercearia
Mercearia,Tecnologia
Tecnologia,Mercearia
Mercearia,END
START,Higiene
Higiene,Tecnologia
Tecnologia,Limpeza
Limpeza,Mercearia
Mercearia,Limpeza
Limpeza,Tecnologia
Tecnologia,Higiene
Higiene,Mercearia
Mercearia,END
START,Mercearia
Mercearia,Limpeza
Limpeza,Mercearia
Mercearia,Higiene
Higiene,Mercearia
Mercearia,Higiene
Higiene,Mercearia
Mercearia,Limpeza
Limpeza,Tecnologia
Tecnologia,Higiene
Higiene,END
START,Higiene
Higiene,Limpeza
Limpeza,Mercearia
Mercearia,Higiene
Higiene,Mercearia
Mercearia,Tecnologia
Tecnologia,Higiene
Higiene,Mercearia
Mercearia,Tecnologia
Tecnologia,Limpeza
Limpeza,Higiene
Higiene,Mercearia
Mercearia,END
START,Mercearia
Mercearia,Limpeza
Limpeza,Mercearia
Mercearia,Tecnologia
Tecnologia,Mercearia
Mercearia,END
START,Tecnologia
Tecnologia,Higiene
Higiene,Limpeza
Limpeza,Tecnologia
Tecnologia,Mercearia
Mercearia,Tecnologia
Tecnologia,Mercearia
Mercearia,Limpeza
Limpeza,Tecnologia
Tecnologia,END
START,Tecnologia
Tecnologia,Mercearia
Mercearia,Tecnologia
Tecnologia,Limpeza
Limpeza,Tecnologia
Tecnologia,Limpeza
Limpeza,END
START,Higiene
Higiene,Mercearia
Mercearia,Tecnologia
Tecnologia,Mercearia
Mercearia,Limpeza
Limpeza,Tecnologia
Tecnologia,Mercearia
Mercearia,Tecnologia
Tecnologia,Mercearia
Mercearia,END
START,Tecnologia
Tecnologia,Mercearia
Mercearia,Limpeza
Limpeza,Mercearia
Mercearia,Limpeza
Limpeza,Mercearia
Mercearia,Tecnologia
Tecnologia,Limpeza
Limpeza,Tecnologia
Tecnologia,Mercearia
Mercearia,Limpeza
Limpeza,Tecnologia
Tecnologia,END
START,Mercearia
Mercearia,Tecnologia
Tecnologia,Mercearia
Mercearia,Higiene
Higiene,Mercearia
Mercearia,Tecnologia
Tecnologia,Limpeza
Limpeza,END
START,Higiene
Higiene,Tecnologia
Tecnologia,Mercearia
Mercearia,Higiene
Higiene,Tecnologia
Tecnologia,Limpeza
Limpeza,Mercearia
Mercearia,Tecnologia
Tecnologia,Mercearia
Mercearia,Tecnologia
Tecnologia,Mercearia
Mercearia,END
START,Tecnologia
Tecnologia,Limpeza
Limpeza,Tecnologia
Tecnologia,Mercearia
Mercearia,Tecnologia
Tecnologia,Mercearia
Mercearia,Higiene
Higiene,END
START,Limpeza
Limpeza,Higiene
Higiene,Tecnologia
Tecnologia,Mercearia
Mercearia,Tecnologia
Tecnologia,Mercearia
Mercearia,Tecnologia
Tecnologia,Mercearia
Mercearia,END
START,Tecnologia
Tecnologia,Limpeza
Limpeza,Tecnologia
Tecnologia,Mercearia
Mercearia,Tecnologia
Tecnologia,Mercearia
Mercearia,END
START,Limpeza
Limpeza,Mercearia
Mercearia,Tecnologia
Tecnologia,Mercearia
Mercearia,Tecnologia
Tecnologia,Limpeza
Limpeza,Tecnologia
Tecnologia,END
START,Mercearia
Mercearia,Tecnologia
Tecnologia,Mercearia
Mercearia,Tecnologia
Tecnologia,Higiene
Higiene,Tecnologia
Tecnologia,Higiene
Higiene,Tecnologia
Tecnologia,Mercearia
Mercearia,Tecnologia
Tecnologia,END
START,Mercearia
Mercearia,Tecnologia
Tecnologia,Limpeza
Limpeza,Tecnologia
Tecnologia,Mercearia
Mercearia,Higiene
Higiene,END
START,Tecnologia
Tecnologia,Higiene
Higiene,Tecnologia
Tecnologia,Limpeza
Limpeza,Higiene
Higiene,Tecnologia
Tecnologia,Higiene
Higiene,END
START,Tecnologia
Tecnologia,Mercearia
Mercearia,Tecnologia
Tecnologia,Limpeza
Limpeza,Mercearia
Mercearia,END
START,Limpeza
Limpeza,Mercearia
Mercearia,Tecnologia
Tecnologia,Mercearia
Mercearia,Tecnologia
Tecnologia,END
START,Higiene
Higiene,Tecnologia
Tecnologia,Mercearia
Mercearia,Limpeza
Limpeza,Mercearia
Mercearia,Higiene
Higiene,Mercearia
Mercearia,Higiene
Higiene,Mercearia
Mercearia,END
START,Tecnologia
Tecnologia,Higiene
Higiene,Mercearia
Mercearia,END
START,Limpeza
Limpeza,Tecnologia
Tecnologia,Limpeza
Limpeza,Tecnologia
Tecnologia,Limpeza
Limpeza,Higiene
Higiene,Limpeza
Limpeza,Mercearia
Mercearia,Tecnologia
Tecnologia,Higiene
Higiene,Limpeza
Limpeza,Mercearia
Mercearia,Tecnologia
Tecnologia,END
START,Tecnologia
Tecnologia,Higiene
Higiene,Tecnologia
Tecnologia,Mercearia
Mercearia,Tecnologia
Tecnologia,Mercearia
Mercearia,Higiene
Higiene,Tecnologia
Tecnologia,END
START,Mercearia
Mercearia,Tecnologia
Tecnologia,Mercearia
Mercearia,Tecnologia
Tecnologia,Mercearia
Mercearia,END
START,Limpeza
Limpeza,Tecnologia
Tecnologia,Mercearia
Mercearia,Higiene
Higiene,Mercearia
Mercearia,Higiene
Higiene,Mercearia
Mercearia,END
START,Higiene
Higiene,Mercearia
Mercearia,Limpeza
Limpeza,Mercearia
Mercearia,Tecnologia
Tecnologia,Mercearia
Mercearia,Higiene
Higiene,Tecnologia
Tecnologia,END
START,Mercearia
Mercearia,Tecnologia
Tecnologia,Mercearia
Mercearia,Tecnologia
Tecnologia,Limpeza
Limpeza,Mercearia
Mercearia,END
START,Tecnologia
Tecnologia,Mercearia
Mercearia,Tecnologia
Tecnologia,Mercearia
Mercearia,Tecnologia
Tecnologia,Mercearia
Mercearia,Tecnologia
Tecnologia,END
START,Higiene
Higiene,Tecnologia
Tecnologia,Limpeza
Limpeza,Tecnologia
Tecnologia,Mercearia
Mercearia,Tecnologia
Tecnologia,Limpeza
Limpeza,Mercearia
Mercearia,Higiene
Higiene,Mercearia
Mercearia,Tecnologia
Tecnologia,END
START,Mercearia
Mercearia,Tecnologia
Tecnologia,Mercearia
Mercearia,Limpeza
Limpeza,Tecnologia
Tecnologia,Mercearia
Mercearia,END
START,Limpeza
Limpeza,Tecnologia
Tecnologia,Mercearia
Mercearia,Tecnologia
Tecnologia,Limpeza
Limpeza,Mercearia
Mercearia,END
START,Tecnologia
Tecnologia,Higiene
Higiene,Mercearia
Mercearia,Tecnologia
Tecnologia,Mercearia
Mercearia,Tecnologia
Tecnologia,Limpeza
Limpeza,END
START,Limpeza
Limpeza,Mercearia
Mercearia,Tecnologia
Tecnologia,Higiene
Higiene,Mercearia
Mercearia,END
START,Tecnologia
Tecnologia,Mercearia
Mercearia,Tecnologia
Tecnologia,Higiene
Higiene,Limpeza
Limpeza,Mercearia
Mercearia,Tecnologia
Tecnologia,Mercearia
Mercearia,Limpeza
Limpeza,Mercearia
Mercearia,Tecnologia
Tecnologia,Mercearia
Mercearia,Higiene
Higiene,Mercearia
Mercearia,Tecnologia
Tecnologia,Mercearia
Mercearia,END
